{
	"physical_metrics": {
		"Pull Ups": {
			"histogram": {
				"counts": [2, 4, 4, 4, 6, 4, 12, 8, 7, 5],
				"bin_edges": [
					4.0, 6.0, 8.0, 10.0, 12.0, 14.0, 16.0, 18.0, 20.0, 22.0, 24.0
				],
				"bin_centers": [5.0, 7.0, 9.0, 11.0, 13.0, 15.0, 17.0, 19.0, 21.0, 23.0]
			},
			"stats": {
				"mean": 15.053571428571429,
				"median": 16.0,
				"std": 5.089974890680218,
				"min": 4.0,
				"max": 24.0,
				"q1": 11.75,
				"q3": 19.0,
				"count": 56
			},
			"raw_data": [
				10.0, 18.0, 19.0, 12.0, 9.0, 7.0, 16.0, 20.0, 20.0, 20.0, 15.0, 16.0,
				6.0, 16.0, 20.0, 20.0, 8.0, 17.0, 16.0, 22.0, 16.0, 17.0, 20.0, 13.0,
				9.0, 18.0, 16.0, 24.0, 13.0, 16.0, 19.0, 8.0, 18.0, 16.0, 12.0, 19.0,
				4.0, 15.0, 17.0, 23.0, 14.0, 12.0, 19.0, 20.0, 11.0, 16.0, 11.0, 7.0,
				14.0, 23.0, 12.0, 10.0, 6.0, 19.0, 5.0, 24.0
			]
		},
		"Barbell Squats 8RM (kg)": {
			"histogram": {
				"counts": [5, 5, 20, 9, 4, 7, 0, 5, 0, 1],
				"bin_edges": [
					50.0, 57.0, 64.0, 71.0, 78.0, 85.0, 92.0, 99.0, 106.0, 113.0, 120.0
				],
				"bin_centers": [
					53.5, 60.5, 67.5, 74.5, 81.5, 88.5, 95.5, 102.5, 109.5, 116.5
				]
			},
			"stats": {
				"mean": 74.55357142857143,
				"median": 70.0,
				"std": 14.432007635383066,
				"min": 50.0,
				"max": 120.0,
				"q1": 68.75,
				"q3": 80.0,
				"count": 56
			},
			"raw_data": [
				70.0, 70.0, 65.0, 75.0, 70.0, 60.0, 75.0, 80.0, 70.0, 85.0, 65.0, 70.0,
				65.0, 100.0, 100.0, 90.0, 75.0, 60.0, 75.0, 100.0, 70.0, 60.0, 90.0,
				90.0, 50.0, 70.0, 90.0, 80.0, 70.0, 85.0, 70.0, 120.0, 105.0, 70.0,
				50.0, 70.0, 50.0, 70.0, 55.0, 75.0, 75.0, 75.0, 90.0, 70.0, 75.0, 80.0,
				65.0, 60.0, 50.0, 70.0, 75.0, 60.0, 70.0, 80.0, 70.0, 100.0
			]
		},
		"Deadlift 8RM (kg)": {
			"histogram": {
				"counts": [1, 1, 7, 8, 19, 2, 8, 4, 2, 4],
				"bin_edges": [
					45.0, 54.5, 64.0, 73.5, 83.0, 92.5, 102.0, 111.5, 121.0, 130.5, 140.0
				],
				"bin_centers": [
					49.75, 59.25, 68.75, 78.25, 87.75, 97.25, 106.75, 116.25, 125.75,
					135.25
				]
			},
			"stats": {
				"mean": 92.14285714285714,
				"median": 85.0,
				"std": 21.544330188365247,
				"min": 45.0,
				"max": 140.0,
				"q1": 80.0,
				"q3": 105.0,
				"count": 56
			},
			"raw_data": [
				90.0, 105.0, 80.0, 85.0, 80.0, 65.0, 80.0, 105.0, 80.0, 85.0, 65.0,
				85.0, 80.0, 135.0, 85.0, 130.0, 75.0, 65.0, 105.0, 130.0, 85.0, 65.0,
				85.0, 85.0, 45.0, 85.0, 105.0, 105.0, 110.0, 120.0, 100.0, 140.0, 140.0,
				110.0, 90.0, 80.0, 70.0, 90.0, 90.0, 100.0, 120.0, 70.0, 105.0, 75.0,
				85.0, 85.0, 65.0, 115.0, 55.0, 85.0, 85.0, 85.0, 85.0, 135.0, 85.0,
				115.0
			]
		},
		"Sprint Drag Carry (seconds)": {
			"histogram": {
				"counts": [3, 4, 12, 13, 6, 5, 6, 4, 1, 2],
				"bin_edges": [
					85.0, 91.3, 97.6, 103.9, 110.2, 116.5, 122.8, 129.1, 135.4, 141.7,
					148.0
				],
				"bin_centers": [
					88.15, 94.44999999999999, 100.75, 107.05000000000001, 113.35, 119.65,
					125.94999999999999, 132.25, 138.55, 144.85
				]
			},
			"stats": {
				"mean": 110.98214285714286,
				"median": 109.0,
				"std": 14.24591554424908,
				"min": 85.0,
				"max": 148.0,
				"q1": 100.25,
				"q3": 121.25,
				"count": 56
			},
			"raw_data": [
				128.0, 107.0, 142.0, 126.0, 117.0, 124.0, 130.0, 104.0, 138.0, 121.0,
				133.0, 98.0, 114.0, 98.0, 109.0, 115.0, 134.0, 148.0, 126.0, 104.0,
				98.0, 122.0, 95.0, 110.0, 134.0, 98.0, 101.0, 109.0, 111.0, 106.0,
				103.0, 105.0, 85.0, 101.0, 116.0, 106.0, 111.0, 117.0, 126.0, 105.0,
				118.0, 125.0, 98.0, 88.0, 110.0, 89.0, 110.0, 98.0, 93.0, 102.0, 106.0,
				98.0, 94.0, 103.0, 113.0, 95.0
			]
		},
		"VO2 MAX": {
			"histogram": {
				"counts": [3, 2, 3, 4, 4, 6, 18, 8, 4, 4],
				"bin_edges": [
					38.0, 40.0, 42.0, 44.0, 46.0, 48.0, 50.0, 52.0, 54.0, 56.0, 58.0
				],
				"bin_centers": [
					39.0, 41.0, 43.0, 45.0, 47.0, 49.0, 51.0, 53.0, 55.0, 57.0
				]
			},
			"stats": {
				"mean": 49.107142857142854,
				"median": 50.0,
				"std": 4.689191871544954,
				"min": 38.0,
				"max": 58.0,
				"q1": 47.0,
				"q3": 52.0,
				"count": 56
			},
			"raw_data": [
				49.0, 52.0, 58.0, 54.0, 38.0, 56.0, 52.0, 50.0, 48.0, 53.0, 54.0, 52.0,
				45.0, 50.0, 50.0, 47.0, 50.0, 57.0, 43.0, 51.0, 50.0, 54.0, 45.0, 40.0,
				48.0, 50.0, 47.0, 57.0, 54.0, 50.0, 51.0, 38.0, 44.0, 50.0, 42.0, 42.0,
				51.0, 47.0, 45.0, 51.0, 50.0, 49.0, 53.0, 51.0, 51.0, 53.0, 50.0, 49.0,
				53.0, 52.0, 41.0, 49.0, 46.0, 38.0, 50.0, 50.0
			]
		}
	},
	"cognitive_metrics": {
		"Sustained Attention Response Accuracy (%)": {
			"histogram": {
				"counts": [1, 0, 0, 0, 2, 3, 6, 9, 18, 17],
				"bin_edges": [
					81.7, 83.53, 85.36, 87.19, 89.02, 90.85, 92.68, 94.51, 96.34, 98.17,
					100.0
				],
				"bin_centers": [
					82.61500000000001, 84.445, 86.275, 88.10499999999999, 89.935, 91.765,
					93.595, 95.42500000000001, 97.255, 99.08500000000001
				]
			},
			"stats": {
				"mean": 96.30909090909093,
				"median": 97.2,
				"std": 3.0228459111568036,
				"min": 81.7,
				"max": 100.0,
				"q1": 95.44999999999999,
				"q3": 98.3,
				"count": 56
			},
			"raw_data": [
				95.6, 100.0, 93.3, 95.6, 97.2, 98.9, 99.4, 98.3, 91.7, 98.9, 96.1,
				96.30909090909093, 94.4, 97.2, 98.9, 97.2, 81.7, 98.3, 92.2, 98.3, 98.9,
				96.7, 94.4, 99.4, 95.6, 90.6, 98.9, 97.2, 97.8, 94.4, 96.7, 98.3, 98.9,
				94.4, 98.3, 96.7, 95.0, 97.2, 97.8, 95.0, 97.2, 97.8, 97.2, 96.7, 97.2,
				92.2, 92.8, 98.3, 96.7, 96.1, 99.4, 97.2, 98.9, 97.8, 90.0, 96.1
			]
		},
		"Visual Reaction Accuracy": {
			"histogram": {
				"counts": [1, 0, 0, 0, 2, 6, 11, 11, 19, 6],
				"bin_edges": [
					73.33, 75.997, 78.664, 81.331, 83.998, 86.66499999999999, 89.332,
					91.999, 94.666, 97.333, 100.0
				],
				"bin_centers": [
					74.6635, 77.3305, 79.9975, 82.6645, 85.3315, 87.99849999999999,
					90.6655, 93.3325, 95.9995, 98.6665
				]
			},
			"stats": {
				"mean": 92.93836363636365,
				"median": 93.33,
				"std": 4.509206361765561,
				"min": 73.33,
				"max": 100.0,
				"q1": 91.2525,
				"q3": 95.4175,
				"count": 56
			},
			"raw_data": [
				86.67, 98.33, 85.0, 96.67, 96.67, 91.67, 100.0, 91.67, 91.67, 95.0,
				90.0, 92.93836363636365, 96.67, 96.67, 95.0, 90.0, 86.67, 95.0, 73.33,
				95.0, 93.3, 91.67, 90.0, 93.33, 88.33, 100.0, 86.67, 95.0, 95.0, 93.33,
				95.0, 95.0, 93.33, 96.67, 93.33, 95.0, 90.0, 91.67, 85.0, 93.33, 93.33,
				96.67, 98.33, 98.33, 93.3, 91.67, 93.33, 90.0, 95.0, 96.67, 86.67,
				96.67, 93.33, 98.33, 95.0, 88.33
			]
		},
		"Spatial Planning Accuracy (%)": {
			"histogram": {
				"counts": [1, 1, 0, 1, 3, 7, 11, 9, 11, 12],
				"bin_edges": [
					26.67, 34.003, 41.336, 48.669000000000004, 56.002, 63.335, 70.668,
					78.001, 85.334, 92.667, 100.0
				],
				"bin_centers": [
					30.3365, 37.6695, 45.0025, 52.3355, 59.6685, 67.00150000000001,
					74.3345, 81.6675, 89.0005, 96.3335
				]
			},
			"stats": {
				"mean": 78.55399999999999,
				"median": 80.0,
				"std": 14.466419810819026,
				"min": 26.67,
				"max": 100.0,
				"q1": 73.33,
				"q3": 86.67,
				"count": 56
			},
			"raw_data": [
				73.33, 93.33, 40.0, 60.0, 66.67, 100.0, 100.0, 66.67, 80.0, 86.67,
				93.33, 78.554, 73.33, 86.67, 26.67, 86.67, 60.0, 73.33, 86.67, 73.33,
				73.33, 86.67, 60.0, 80.0, 86.67, 86.67, 73.33, 93.8, 93.33, 66.67,
				73.33, 93.33, 80.0, 86.67, 86.67, 53.33, 73.33, 86.67, 66.67, 80.0,
				66.67, 100.0, 86.67, 93.33, 100.0, 66.67, 73.33, 93.33, 80.0, 73.33,
				66.67, 80.0, 73.33, 80.0, 100.0, 80.0
			]
		}
	}
}
