{
	"VO2 MAX": {
		"column": "VO2 MAX",
		"stats": {
			"mean": 49.107142857142854,
			"median": 50.0,
			"std_dev": 4.731628862063433,
			"min": 38.0,
			"max": 58.0,
			"q1": 47.0,
			"q3": 52.0
		},
		"histogram": {
			"counts": [3, 2, 3, 4, 4, 6, 18, 8, 4, 4],
			"bin_edges": [
				38.0, 40.0, 42.0, 44.0, 46.0, 48.0, 50.0, 52.0, 54.0, 56.0, 58.0
			],
			"bin_centers": [
				39.0, 41.0, 43.0, 45.0, 47.0, 49.0, 51.0, 53.0, 55.0, 57.0
			]
		},
		"raw_data": [
			49.0, 52.0, 58.0, 54.0, 38.0, 56.0, 52.0, 50.0, 48.0, 53.0, 54.0, 52.0,
			45.0, 50.0, 50.0, 47.0, 50.0, 57.0, 43.0, 51.0, 50.0, 54.0, 45.0, 40.0,
			48.0, 50.0, 47.0, 57.0, 54.0, 50.0, 51.0, 38.0, 44.0, 50.0, 42.0, 42.0,
			51.0, 47.0, 45.0, 51.0, 50.0, 49.0, 53.0, 51.0, 51.0, 53.0, 50.0, 49.0,
			53.0, 52.0, 41.0, 49.0, 46.0, 38.0, 50.0, 50.0
		]
	},
	"Pull Ups": {
		"column": "Pull Ups",
		"stats": {
			"mean": 15.053571428571429,
			"median": 16.0,
			"std_dev": 5.136038950776766,
			"min": 4.0,
			"max": 24.0,
			"q1": 11.75,
			"q3": 19.0
		},
		"histogram": {
			"counts": [2, 4, 4, 4, 6, 4, 12, 8, 7, 5],
			"bin_edges": [
				4.0, 6.0, 8.0, 10.0, 12.0, 14.0, 16.0, 18.0, 20.0, 22.0, 24.0
			],
			"bin_centers": [5.0, 7.0, 9.0, 11.0, 13.0, 15.0, 17.0, 19.0, 21.0, 23.0]
		},
		"raw_data": [
			10.0, 18.0, 19.0, 12.0, 9.0, 7.0, 16.0, 20.0, 20.0, 20.0, 15.0, 16.0, 6.0,
			16.0, 20.0, 20.0, 8.0, 17.0, 16.0, 22.0, 16.0, 17.0, 20.0, 13.0, 9.0,
			18.0, 16.0, 24.0, 13.0, 16.0, 19.0, 8.0, 18.0, 16.0, 12.0, 19.0, 4.0,
			15.0, 17.0, 23.0, 14.0, 12.0, 19.0, 20.0, 11.0, 16.0, 11.0, 7.0, 14.0,
			23.0, 12.0, 10.0, 6.0, 19.0, 5.0, 24.0
		]
	},
	"Cognitive_Performance_Composite": {
		"column": "Cognitive_Performance_Composite",
		"stats": {
			"mean": 0.7470246547202878,
			"median": 0.7671475518616533,
			"std_dev": 0.12308655919400156,
			"min": 0.3182360455318102,
			"max": 0.9890710382513662,
			"q1": 0.6868349535298639,
			"q3": 0.8186179596402909
		},
		"histogram": {
			"counts": [1, 1, 1, 1, 4, 12, 17, 8, 9, 2],
			"bin_edges": [
				0.3182360455318102, 0.3853195448037658, 0.4524030440757214,
				0.519486543347677, 0.5865700426196325, 0.6536535418915882,
				0.7207370411635438, 0.7878205404354994, 0.854904039707455,
				0.9219875389794105, 0.9890710382513662
			],
			"bin_centers": [
				0.35177779516778795, 0.4188612944397436, 0.4859447937116992,
				0.5530282929836547, 0.6201117922556103, 0.687195291527566,
				0.7542787907995216, 0.8213622900714772, 0.8884457893434328,
				0.9555292886153883
			]
		},
		"raw_data": [
			0.6320173227234956, 0.9488080490688698, 0.4177436917259343,
			0.6964080363280426, 0.7558714943043988, 0.8758515841257548,
			0.9890710382513662, 0.7134157357004538, 0.6537908198138151,
			0.8568777183027301, 0.7736578117009997, 0.7470246547202879,
			0.735143776179109, 0.846784717632732, 0.5841380483177309,
			0.7634201382051605, 0.3182360455318102, 0.7853096365940978,
			0.4639965005860922, 0.7853096365940978, 0.7749912542607422,
			0.7751850610324299, 0.5911855334032033, 0.8147932354954616,
			0.7134038492576721, 0.7681859359230684, 0.6921266123409823,
			0.8583228907981516, 0.8671153917985696, 0.6631248909085118,
			0.756165738597741, 0.876222859922431, 0.8056857673715999,
			0.7957828961391072, 0.8250763656029649, 0.6652525152694079,
			0.6627081585001712, 0.7842925291562916, 0.6209436881490206,
			0.7346475160054796, 0.7141267124021367, 0.9183073427296996,
			0.8675321242069102, 0.8886987594513834, 0.8652586459479451,
			0.6023046245893428, 0.6642550962804895, 0.8137306714459905,
			0.7864852985777402, 0.7661091678002382, 0.6709599770965089,
			0.816465157652733, 0.7753662073916008, 0.8481415259755449,
			0.7553584490463282, 0.6921917574015346
		]
	}
}
