{
	"metrics": {
		"Pull Ups": {
			"count": 56.0,
			"mean": 15.053571428571429,
			"std": 5.136038950776766,
			"min": 4.0,
			"25%": 11.75,
			"50%": 16.0,
			"75%": 19.0,
			"max": 24.0
		},
		"Barbell Squats 8RM (kg)": {
			"count": 56.0,
			"mean": 74.55357142857143,
			"std": 14.562616701499945,
			"min": 50.0,
			"25%": 68.75,
			"50%": 70.0,
			"75%": 80.0,
			"max": 120.0
		},
		"Deadlift 8RM (kg)": {
			"count": 56.0,
			"mean": 92.14285714285714,
			"std": 21.739305476426853,
			"min": 45.0,
			"25%": 80.0,
			"50%": 85.0,
			"75%": 105.0,
			"max": 140.0
		},
		"Sprint Drag Carry (seconds)": {
			"count": 56.0,
			"mean": 110.98214285714286,
			"std": 14.374840484716309,
			"min": 85.0,
			"25%": 100.25,
			"50%": 109.0,
			"75%": 121.25,
			"max": 148.0
		},
		"VO2 MAX": {
			"count": 56.0,
			"mean": 49.107142857142854,
			"std": 4.731628862063433,
			"min": 38.0,
			"25%": 47.0,
			"50%": 50.0,
			"75%": 52.0,
			"max": 58.0
		},
		"Strength_Composite": {
			"count": 56.0,
			"mean": 0.46656149301825994,
			"std": 0.1828669657594014,
			"min": 0.0833333333333333,
			"25%": 0.3344611528822055,
			"50%": 0.4676065162907268,
			"75%": 0.5983709273182958,
			"max": 0.8363408521303258
		},
		"Endurance_Composite": {
			"count": 56.0,
			"mean": 0.5714710884353742,
			"std": 0.1474713701919509,
			"min": 0.246031746031746,
			"25%": 0.4543650793650794,
			"50%": 0.603968253968254,
			"75%": 0.6745039682539683,
			"max": 0.8432539682539683
		},
		"Physical_Fitness_Composite": {
			"count": 56.0,
			"mean": 0.5085253311851056,
			"std": 0.13495583204057005,
			"min": 0.1944444444444444,
			"25%": 0.40167919799498747,
			"50%": 0.4809314954051796,
			"75%": 0.6000501253132832,
			"max": 0.7784795321637428
		},
		"Sustained Attention Response Accuracy (%)": {
			"count": 56.0,
			"mean": 96.30909090909093,
			"std": 3.0502025403553255,
			"min": 81.7,
			"25%": 95.44999999999999,
			"50%": 97.2,
			"75%": 98.3,
			"max": 100.0
		},
		"Visual Reaction Accuracy": {
			"count": 56.0,
			"mean": 92.93836363636365,
			"std": 4.550014490940506,
			"min": 73.33,
			"25%": 91.2525,
			"50%": 93.33,
			"75%": 95.4175,
			"max": 100.0
		},
		"Spatial Planning Accuracy (%)": {
			"count": 56.0,
			"mean": 78.55399999999999,
			"std": 14.597340305685824,
			"min": 26.67,
			"25%": 73.33,
			"50%": 80.0,
			"75%": 86.67,
			"max": 100.0
		},
		"Cognitive_Performance_Composite": {
			"count": 56.0,
			"mean": 0.7470246547202878,
			"std": 0.12308655919400156,
			"min": 0.3182360455318102,
			"25%": 0.6868349535298639,
			"50%": 0.7671475518616533,
			"75%": 0.8186179596402909,
			"max": 0.9890710382513662
		},
		"ML360 Awareness": {
			"count": 56.0,
			"mean": 5.541818181818182,
			"std": 0.7090815850202825,
			"min": 4.2,
			"25%": 5.2,
			"50%": 5.57090909090909,
			"75%": 6.05,
			"max": 7.0
		},
		"ML360 Calm & Patience": {
			"count": 56.0,
			"mean": 5.534545454545454,
			"std": 0.8189168415586714,
			"min": 3.0,
			"25%": 5.0,
			"50%": 5.6,
			"75%": 6.0,
			"max": 7.0
		},
		"ML360 Open Mind": {
			"count": 56.0,
			"mean": 5.454545454545455,
			"std": 0.8514838773508454,
			"min": 3.2,
			"25%": 4.95,
			"50%": 5.6,
			"75%": 6.0,
			"max": 7.0
		},
		"ML360 Focus & Presence": {
			"count": 56.0,
			"mean": 5.352727272727273,
			"std": 0.837280130260432,
			"min": 3.4,
			"25%": 5.0,
			"50%": 5.4,
			"75%": 6.0,
			"max": 7.0
		},
		"ML360 Growth": {
			"count": 56.0,
			"mean": 5.327272727272728,
			"std": 0.9681199297334537,
			"min": 2.8,
			"25%": 4.75,
			"50%": 5.4,
			"75%": 6.05,
			"max": 7.0
		},
		"ML360_Composite": {
			"count": 56.0,
			"mean": 5.442181818181817,
			"std": 0.7351702113588535,
			"min": 3.8400000000000007,
			"25%": 4.870000000000001,
			"50%": 5.54,
			"75%": 5.97,
			"max": 7.0
		},
		"BMI": {
			"count": 56.0,
			"mean": 23.387824341235493,
			"std": 2.2384742162607085,
			"min": 16.95415879017013,
			"25%": 22.074075909044204,
			"50%": 23.070463614474114,
			"75%": 24.494090688506734,
			"max": 30.69827976459937
		},
		"Self-Determination (Autonomy)": {
			"count": 56.0,
			"mean": 4.047272727272727,
			"std": 0.4528112371937402,
			"min": 3.0,
			"25%": 3.8,
			"50%": 4.0,
			"75%": 4.25,
			"max": 5.0
		},
		"Self-Determination (Competence)": {
			"count": 56.0,
			"mean": 4.054545454545455,
			"std": 0.3916483496097821,
			"min": 3.2,
			"25%": 3.8,
			"50%": 4.0,
			"75%": 4.4,
			"max": 5.0
		},
		"Self-Determination (Relatedness)": {
			"count": 56.0,
			"mean": 4.170909090909091,
			"std": 0.455141427479706,
			"min": 3.2,
			"25%": 3.95,
			"50%": 4.0,
			"75%": 4.4,
			"max": 5.0
		},
		"Self-Determination (General)": {
			"count": 56.0,
			"mean": 4.429090909090909,
			"std": 0.39527791248585287,
			"min": 3.8,
			"25%": 4.0,
			"50%": 4.4,
			"75%": 4.8,
			"max": 5.0
		}
	},
	"categories": {
		"physical": [
			"Pull Ups",
			"Barbell Squats 8RM (kg)",
			"Deadlift 8RM (kg)",
			"Sprint Drag Carry (seconds)",
			"VO2 MAX",
			"Strength_Composite",
			"Endurance_Composite",
			"Physical_Fitness_Composite"
		],
		"cognitive": [
			"Sustained Attention Response Accuracy (%)",
			"Visual Reaction Accuracy",
			"Spatial Planning Accuracy (%)",
			"Cognitive_Performance_Composite"
		],
		"leadership": [
			"ML360 Awareness",
			"ML360 Calm & Patience",
			"ML360 Open Mind",
			"ML360 Focus & Presence",
			"ML360 Growth",
			"ML360_Composite"
		],
		"other": [
			"BMI",
			"Self-Determination (Autonomy)",
			"Self-Determination (Competence)",
			"Self-Determination (Relatedness)",
			"Self-Determination (General)"
		]
	}
}
